{"name":"checkout an item (following steps already defined)","id":"ui-automation-for-checkout-an-item;checkout-an-item-(following-steps-already-defined)","testSteps":[{"number":1,"description":"Given login as testing user","duration":18614,"startTime":"2020-11-18T14:59:36.583+07:00[Asia/Jakarta]","screenshots":[{"screenshot":"22ca99cd6d4256562dbbd2c340837f91f23a2c0556341ec52552a817f31878c8.png","timeStamp":1605686395194}],"result":"SUCCESS","precondition":false,"level":0},{"number":2,"description":"When user search minyak goreng in search box","duration":4050,"startTime":"2020-11-18T14:59:55.210+07:00[Asia/Jakarta]","screenshots":[{"screenshot":"5cb9dc65a70d42dc96c8f792911e05f0eb6b72f5fb65f105ef1d8098d764b508.png","timeStamp":1605686399260}],"result":"SUCCESS","precondition":false,"level":0},{"number":3,"description":"And user add this item to cart","duration":1638,"startTime":"2020-11-18T14:59:59.262+07:00[Asia/Jakarta]","screenshots":[{"screenshot":"5557d4e99c69be7de6685e40fdade47d1dadec939f0413abb34b48e1fb158436.png","timeStamp":1605686400900}],"result":"SUCCESS","precondition":false,"level":0},{"number":4,"description":"Then user checkout the item","duration":957,"startTime":"2020-11-18T15:00:00.901+07:00[Asia/Jakarta]","screenshots":[{"screenshot":"3e4d225a8f55bc5c698280c60932d0a3a75b4ba38cef8803f647f38297b09fa5.png","timeStamp":1605686401857}],"result":"SUCCESS","precondition":false,"level":0}],"userStory":{"id":"ui-automation-for-checkout-an-item","storyName":"UI Automation for Checkout An Item","path":"UIAutomation.feature","narrative":"  As registered user\n  I want to buy an item\n  So that i can checkout the item corectly","type":"feature"},"featureTag":{"name":"UI Automation for Checkout An Item","type":"feature","displayName":"UI Automation for Checkout An Item"},"title":"checkout an item (following steps already defined)","startTime":"2020-11-18T14:59:36.560+07:00[Asia/Jakarta]","duration":25344,"projectKey":"","sessionId":"d12aa1df28c0ff50fb8f5d9cdaa38ea3","driver":"chrome","isManualTestingUpToDate":false,"manual":false,"testSource":"Cucumber","result":"SUCCESS"}