{
  "report": {
    "title": "Serenity Summary Report",
    "tagCategoryTitle": "Category",
    "version": "",
    "date": "2020-11-18T14:59:36.560"
  },
  "results": {
    "counts": {
      "total": 1,
      "success": 1,
      "pending": 0,
      "ignored": 0,
      "skipped": 0,
      "failure": 0,
      "error": 0,
      "compromised": 0
    },
    "percentages": {
      "success": 100,
      "pending": 0,
      "ignored": 0,
      "skipped": 0,
      "failure": 0,
      "error": 0,
      "compromised": 0
    },
    "totalTestDuration": "25s",
    "totalClockDuration": "25ms",
    "minTestDuration": "25s",
    "maxTestDuration": "25s",
    "averageTestDuration": "25s"
  },
  "resultsByFeature": [
    {
      "featureName": "UI Automation for Checkout An Item",
      "scenarios": [
        {
          "title": "checkout an item (following steps already defined)",
          "result": "success",
          "outcomes": [
            {
              "result": "success",
              "description": "",
              "errorMessage": ""
            }
          ]
        }
      ]
    }
  ],
  "frequentFailures": [
  ],
  "unstableFeatures": [
  ],
  "coverage": [
    {
      "tagTitle": "Feature",
      "tagCoverages": [
        {
          "tagName": "UI Automation for Checkout An Item",
          "testCount": 1,
          "successRate": "100%",
          "counts": {
            "total": 1,
            "success": 1,
            "pending": 0,
            "ignored": 0,
            "skipped": 0,
            "failure": 0,
            "error": 0,
            "compromised": 0
          },
          "percentages": {
            "success": 100,
            "pending": 0,
            "ignored": 0,
            "skipped": 0,
            "failure": 0,
            "error": 0,
            "compromised": 0
          }
        }
      ]
    }
  ],
  "tags": [
  ]
}



